Соперник,Играем,Лидеры,Дождь,Победа
string,string,string,string,string
Выше,Дома,На месте,Да,Нет
Выше,Дома,На месте,Нет,Да
Выше,Дома,Пропускают,Нет,Нет
Ниже,Дома,Пропускают,Нет,Да
Ниже,В гостях,Пропускают,Нет,Нет
Ниже,Дома,Пропускают,Да,Да
Выше,В гостях,На месте,Да,Нет
Ниже,В гостях,На месте,Нет,Да
